<?xml version="1.0" encoding="UTF-8"?>
<extension type="package" method="upgrade">
	<name>Vietnamese (vn-VN) Language Pack</name>
	<packagename>vn-VN</packagename>
	<version>4.0.5.5</version>
	<creationDate>September 2021</creationDate>
	<author>Xiroweb</author>
	<authorEmail>support@xiroweb.com</authorEmail>
	<authorUrl>www.xiroweb.com</authorUrl>
	<copyright>(C) 2021 Xiroweb, Inc.</copyright>
	<license>https://www.gnu.org/licenses/gpl-2.0.html GNU/GPL</license>
	<url>https://www.xiroweb.com</url>
	<packager>Xiroweb Platform</packager>
	<packagerurl>www.xiroweb.com</packagerurl>
	<description><![CDATA[vn-VN language pack]]></description>
	<blockChildUninstall>true</blockChildUninstall>
	<files>
		<folder type="language" client="site" id="vn-VN">language/vn-VN</folder>
		<folder type="language" client="administrator" id="vn-VN">administrator/language/vn-VN</folder>
		<folder type="language" client="api" id="vn-VN">api/language/vn-VN</folder>
	</files>
	<updateservers>
		<server type="extension" priority="1" name="vn-VN">https://www.xiroweb.com/updates/pkg_vn-vn.xml</server>
	</updateservers>
</extension>
